1,be43a63a0fa44ec48dd74e52ed24aa6b
2,6bc1933f452d4a3d80fca48b68dde16b
3,d07b8294aeb744c183214868eea93b86
4,76d4bf62b77e4eaba6ecc61549921415
5,a6cbb31c62eb49d2bd7fcafbb2352ba2
6,9d5500bc83744a14a6cefd539a626825
7,2c52fefc6b514356a939ea011ecf729e
8,042d4ec998c64ddb9ab5c79aded054b8
9,ef7220b17e654963a5d73a946a04c293
10,5aa2ae572ea64a9f8e734eedd95daf79
11,2ad927692dd84ad791c3cd49d0077966
12,a569661bf9e24e9f99a7382f463f734a
13,7f3a03b5293e494bab51521fd635de65
14,cce3ea4eabfa435aac40bf0445481fce
15,fde7220b8a114bab9a13d083f47d5115
16,49b2a424234d484eab5bbe59c7cd8d10
17,0e3792362b9d4743ab51d164c643a3f8
18,dbdabc9bcced43249c18f3597c623ce1
19,4ccebe825c5440d1addcb1ff745d56dc
20,5befe52ddf1e44c2993307c36773d122
21,701f2b7125a54819a89db57b29e590d8
22,2a0582a043e6413a80fcd90f434655e2
23,7204fbe3991845c895508dc9b812b0b2
24,53243ad1ee784bf9b845c21caeb4cb6b
25,e84aa8169baf41b0b5a286fe3d8faf86
26,209526ddd8dd43828d8499c57027cccb
27,0fa8ff3b0fef4a3c9ee4b79748c32a7d
28,716eb67549b444668c88c368b510daac
29,4b03008850054b82ae882e37c0991619
30,ad625073d761484790208fe9ca1c2f4a
31,27bb620ff3264c5c9c98d494ab3af527
32,b80d831ce7834cc3b48309f755b5a42e
33,fde7269a57b146019159e9ae684308d7
34,313aade3dea04fefb4d59b045904d3d1
35,976953572c8f4e8dbd433ff7be26db3c
36,eeeb96fddd864b7c9ef37fc80a6c510c
37,20f167f318fb4e59b0be12aa935ecaf2
1,4769a7e54c524f6695bb0bbaeb50a1ad
2,643785263cf34d2387294a3710fbe894
3,0ac79b126fa449ddbc11f4a6f2af1bd6
4,f98aaa6727374bbca4534c0180a3bbd0
5,d93a3126a1534ad58c8c4530c5109103
6,0d853edc1cef4b24888a56a631118b48
7,e2fbd20580a64dc5b8c58c0b9dae8f1f
8,7846abc1f4e2439b8eb24267f0f22cdf
9,41ddf3004c8b40e2b9e0359801fe8db5
10,0c3c19f024e7451891bc69aedf5e28b6
11,c00cc1201b234210a6ab50888d2e5194
12,f56c73213b1a4230877bedcb95f5e4d3
13,86853bc65adb42caa75bfd08b466faa3
14,754b490f5ea049a88cce6d044f4c03df
15,b3d090e085df49c4b060e85852b19c57
16,c10cfe1c737e49be99590426be4830b7
17,1935780ba4d44fbd83afba68cc32ac33
18,d149d5a0fa564d9084eccb24f4979d5c
19,bd1897961d4549858b1473c8eb13c7f1
20,e4314ec7f1c24c4a9b40d6e0e17154b9
21,82fcf6ecce904cf4acebbae4cf78e82c
22,42327ee1d10f41b4bb43963bff1ea848
23,ab511e45463540e592f9325f342ce738
24,86313825ecba490889cf7128ec4a6d50
25,1c0ddbdf388f4554bf496ee70f023ab4
26,21d06f81b5864fb392961df5d841d291
27,c85d31379aba4fea89cf2c40a55c196e
28,63883d8248ab4758809316c98441172a
29,089d4ebe63be4f4bad5fc3d4399c3f46
30,13974e3ff208433a8c82c40a906e98c6
31,3f3a2e177c834dd383dca7afd74020d7
32,6620b642857e48ab8f20c622ddceee79
33,ad527423d3a54072abae030f2387308f
34,546bfdc9efc84e319416a20e55cb3539
35,2b95e1568dd14fa89f94733a168d715b
36,17b9ba49c7a648d0a2b23bc2ebdb02e4
37,fa880995a1854686b0ae54c712b3a83e
